{
    "accuracy": 0.7412935323383084,
    "f1_score": 0.6152219873150105,
    "classification_report": {
        "0": {
            "precision": 0.9005988023952096,
            "recall": 0.7279767666989352,
            "f1-score": 0.8051391862955032,
            "support": 1033.0
        },
        "1": {
            "precision": 0.5087412587412588,
            "recall": 0.7780748663101604,
            "f1-score": 0.6152219873150105,
            "support": 374.0
        },
        "accuracy": 0.7412935323383084,
        "macro avg": {
            "precision": 0.7046700305682342,
            "recall": 0.7530258165045478,
            "f1-score": 0.7101805868052569,
            "support": 1407.0
        },
        "weighted avg": {
            "precision": 0.7964376642810819,
            "recall": 0.7412935323383084,
            "f1-score": 0.7546565761898143,
            "support": 1407.0
        }
    },
    "accuracy_confidence_interval": [
        0.7164222222222222,
        0.7662222222222222
    ],
    "f1_score_confidence_interval": [
        0.5688202169676273,
        0.6555750101338961
    ]
}